highest,episode,time
1,591,00:00:23
2,635,00:00:26
3,955,00:00:43
4,961,00:00:43
5,1032,00:00:49
6,1037,00:00:49
7,1040,00:00:49
8,1042,00:00:50
9,1044,00:00:50
10,1048,00:00:50
11,1075,00:00:51
12,1076,00:00:51
13,1081,00:00:52
14,1096,00:00:53
15,1114,00:00:54
16,1128,00:00:54
17,1130,00:00:55
18,1209,00:01:00
19,1211,00:01:00
20,1216,00:01:01
21,1220,00:01:01
22,1223,00:01:01
23,1224,00:01:01
24,1268,00:01:03
25,1270,00:01:03
26,1285,00:01:04
27,1288,00:01:04
28,1291,00:01:04
29,1294,00:01:05
30,1299,00:01:05
31,1300,00:01:05
32,1484,00:01:16
33,1485,00:01:16
34,1486,00:01:16
35,1487,00:01:16
36,1489,00:01:16
37,1500,00:01:17
38,1507,00:01:17
39,1509,00:01:17
40,1555,00:01:20
41,1556,00:01:20
42,1794,00:01:35
43,1799,00:01:36
44,1801,00:01:36
45,1802,00:01:36
46,1807,00:01:36
47,1809,00:01:36
48,1813,00:01:36
49,1836,00:01:38
50,1838,00:01:38
51,1839,00:01:38
52,1842,00:01:38
53,1845,00:01:38
54,1848,00:01:38
55,1851,00:01:38
56,1852,00:01:38
57,1863,00:01:39
58,2194,00:01:59
59,2196,00:01:59
60,2199,00:01:59
61,2200,00:01:59
62,2202,00:01:59
63,2203,00:01:59
64,2204,00:01:59
65,2253,00:02:02
66,2256,00:02:02
67,2276,00:02:03
68,2277,00:02:03
69,2278,00:02:03
70,2421,00:02:12
71,2425,00:02:12
72,2426,00:02:12
73,2427,00:02:12
74,2432,00:02:13
75,2448,00:02:14
76,2449,00:02:14
77,2450,00:02:14
78,2464,00:02:14
79,2473,00:02:15
80,2713,00:02:28
81,2858,00:02:38
82,2862,00:02:38
83,2867,00:02:38
84,2878,00:02:39
85,2879,00:02:39
86,2905,00:02:40
87,2907,00:02:40
88,3287,00:03:02
89,3291,00:03:02
90,3294,00:03:02
91,3295,00:03:03
92,3421,00:03:11
93,3422,00:03:12
94,4205,00:03:54
95,4206,00:03:54
96,4901,00:04:30
97,5266,00:04:50
98,5270,00:04:50
99,9578,00:08:36
